Category,Brand Name,Product
Fashion,Ethos Threads,Organic cotton t-shirts
Fashion,Lumina Threads,Sustainable activewear
Fashion,Verge Collection,Handcrafted leather bags
Fashion,Eon Style,Upcycled denim jackets
Fashion,Wanderlust Apparel,Quick-drying travel pants
Food & Beverage,Ember Roasters,Small-batch specialty coffee beans
Food & Beverage,Sunlit Sprouts,Organic and pre-washed salad kits
Food & Beverage,Oceanic Delights,Sustainable seafood subscription box
Food & Beverage,Terra Bites,Plant-based protein snack bars
Food & Beverage,Wildflower Teas,Loose leaf tea blends and brewing accessories
Technology,Cirrus Tech,Wireless noise-cancelling headphones
Technology,Zenith Labs,High-performance gaming laptops
Technology,QuantaFlux,Portable wireless chargers
Technology,Arbor Networks,Mesh Wi-Fi router systems
Technology,Eidos Code,Smart home security cameras
Fitness,Zenith Fitness,Adjustable weightlifting benches
Fitness,Kinetic Flow,Yoga mats with instructional markings
Fitness,Peak Performance,Fitness trackers with advanced sleep monitoring
Fitness,Ascend Wellness,Resistance bands and exercise guides
Fitness,Sol Body,Eco-friendly yoga apparel
Beauty & Wellness,Luna Bloom,Natural and cruelty-free skincare serums
Beauty & Wellness,Everglow Skincare,Korean sheet masks for different skin types
Beauty & Wellness,Flora Botanica,Bath bombs and bath salts with therapeutic scents
Beauty & Wellness,Inner Radiance,Mineral makeup palettes
Beauty & Wellness,Willow Creek Wellness,Essential oil diffusers and essential oil blends
Home & Decor,Haven Living,Hand-woven throw blankets
Home & Decor,Lumina Home,Minimalist ceramic planters
Home & Decor,Terra Firma,Recycled plastic outdoor furniture
Home & Decor,Willow Creek,Rustic wooden picture frames
Home & Decor,Serene Sanctuary,Soy candles and aromatherapy diffusers
Travel & Leisure,Horizon Voyage,Travel water bottles with purification filters
Travel & Leisure,Wanderlust Escapes,Packable travel backpacks
Travel & Leisure,Tranquil Shores,Beach towels made from recycled materials
Travel & Leisure,Solace Journeys,Noise-canceling travel earplugs
Travel & Leisure,Zenith Adventures,Action cameras for outdoor enthusiasts
Entertainment,Stellar Studios,Board games with innovative and immersive gameplay
Entertainment,Emberlight Media,Educational children's audiobooks narrated by celebrities
Entertainment,Mosaic Productions,Jigsaw puzzles featuring artwork from renowned artists
Entertainment,Echoverse Entertainment,Virtual reality headsets for gaming and entertainment
Entertainment,Vivid Vision,Portable projector and screen for movie nights
Education & Learning,Lumos Academy,Online language learning courses with interactive exercises
Education & Learning,Arbor Learning,Educational kits for children to learn about STEM subjects
Education & Learning,Quanta School,Online coding bootcamps for aspiring developers
Education & Learning,Bloom Institute,Personalized learning resources for students of all ages
Education & Learning,Evermind Education,E-books and online courses on personal development and productivity
Arts & Crafts,The Maker's Muse,Polymer clay jewelry making kits
Arts & Crafts,Palette & Thread,Acrylic paint sets and canvas bundles
Arts & Crafts,Clay & Canvas,Air-dry clay sculpting kits for beginners
Arts & Crafts,Whimsical Workshop,DIY craft kits for children to create unique projects
Arts & Crafts,The Crafted Palette,Watercolor brush sets and travel watercolor kits
Arts & Crafts,The Weaver's Guild,Beginner weaving looms and yarn bundles
Arts & Crafts,The Potter's Wheel,Electric pottery wheels and ceramic sculpting tools
Arts & Crafts,The Inkwell & Quill,Calligraphy pen sets and calligraphy ink cartridges
Arts & Crafts,Rustic Charm Designs,Woodworking project kits for creating home decor items
Arts & Crafts,Bloom & Flourish Studio,Dried flower arranging kits and floral supplies