address_line_2,street_address
Room 647,25466 Village Drive
17th Floor,16329 Maple Wood Court
PO Box 84620,65432 Northview Place
PO Box 43122,110 Graedel Lane
Suite 94,201 Katie Point
Room 1153,58 Village Green Way
Apt 471,104 Cottonwood Circle
Apt 1207,2 Westridge Center
PO Box 66224,5 Mayfield Parkway
Suite 10,3828 Lake View Circle
Apt 789,798 Glacier Hill Road
PO Box 63479,95 Blackbird Alley
Room 1796,98416 Jenna Hill
Suite 5,1539 Northwestern Avenue
Suite 83,48 Talmadge Circle
Room 1904,2 Lukken Drive
Suite 61,6581 Morrow Way
Apt 1142,727 Waubesa Street
1st Floor,97 Northwestern Circle
Room 907,91974 East Lane
PO Box 32505,7 Westport Hill
Room 730,1345 Almo Street
Room 770,02031 Artisan Center
13th Floor,1 Moland Circle
8th Floor,1 Waywood Avenue
Apt 1064,661 Heffernan Court
Room 543,90291 Ridgeway Plaza
PO Box 78033,3 Kropf Place
PO Box 59679,6 Redwing Point
PO Box 85696,8 Loftsgordon Crossing
Apt 66,5160 Eastwood Circle
Room 1021,7859 Aberg Street
Apt 1232,8 Graceland Point
Room 1921,0330 Barby Road
PO Box 90707,7 Ruskin Center
Room 1857,497 Tony Park
Apt 1250,22 Carpenter Road
Room 1206,7 Schmedeman Alley
Suite 56,43 Carey Plaza
PO Box 8815,8920 Schmedeman Terrace
Apt 96,6 Delladonna Place
Suite 48,3582 Arkansas Alley
PO Box 79631,3 2nd Point
PO Box 85749,243 Morningstar Hill
Suite 14,44 Ridge Oak Avenue
Apt 145,03 Sycamore Trail
Room 184,00042 Anniversary Hill
Apt 966,024 Fulton Drive
Room 1480,058 Mifflin Point
Suite 8,710 Anderson Plaza
